customer_id,tenure,monthly_charges,contract,tech_support,internet_service,churn
CUST-0001,52,105.57,month-to-month,No,DSL,1
CUST-0002,15,103.02,two-year,No,DSL,1
CUST-0003,61,59.72,month-to-month,No,Fiber Optic,0
CUST-0004,21,86.81,one-year,Yes,DSL,0
CUST-0005,24,40.5,one-year,No,DSL,0
CUST-0006,3,49.31,one-year,No,Fiber Optic,1
CUST-0007,22,109.63,month-to-month,Yes,DSL,1
CUST-0008,53,21.3,month-to-month,No,DSL,0
CUST-0009,2,28.55,one-year,Yes,DSL,1
CUST-0010,30,40.79,one-year,Yes,Fiber Optic,0
CUST-0011,38,22.65,month-to-month,No,Fiber Optic,0
CUST-0012,2,38.14,one-year,Yes,None,0
CUST-0013,64,78.3,month-to-month,No,Fiber Optic,0
CUST-0014,60,62.14,one-year,No,DSL,1
CUST-0015,21,109.27,month-to-month,Yes,DSL,1
CUST-0016,33,101.74,two-year,No,DSL,1
CUST-0017,58,54.18,month-to-month,Yes,Fiber Optic,0
CUST-0018,22,45.94,month-to-month,Yes,DSL,0
CUST-0019,49,57.97,month-to-month,Yes,Fiber Optic,0
CUST-0020,59,79.03,month-to-month,Yes,Fiber Optic,1
CUST-0021,42,46.81,two-year,Yes,Fiber Optic,0
CUST-0022,60,82.41,two-year,No,Fiber Optic,0
CUST-0023,15,60.94,month-to-month,No,None,1
CUST-0024,62,75.2,month-to-month,Yes,None,0
CUST-0025,62,63.61,one-year,No,Fiber Optic,1
CUST-0026,47,49.45,two-year,No,DSL,0
CUST-0027,62,114.85,one-year,No,Fiber Optic,0
CUST-0028,51,96.36,month-to-month,No,DSL,0
CUST-0029,55,34.01,month-to-month,Yes,DSL,0
CUST-0030,64,106.85,one-year,Yes,None,1
CUST-0031,3,68.74,month-to-month,No,Fiber Optic,1
CUST-0032,51,109.46,one-year,No,DSL,0
CUST-0033,7,99.99,month-to-month,Yes,Fiber Optic,0
CUST-0034,21,62.52,one-year,No,None,0
CUST-0035,39,22.25,month-to-month,No,Fiber Optic,0
CUST-0036,18,46.87,one-year,No,DSL,0
CUST-0037,4,74.16,month-to-month,No,DSL,1
CUST-0038,60,83.35,one-year,No,DSL,0
CUST-0039,14,45.79,month-to-month,No,Fiber Optic,0
CUST-0040,9,33.94,one-year,No,None,1
CUST-0041,53,103.49,one-year,No,Fiber Optic,0
CUST-0042,2,118.44,one-year,Yes,DSL,0
CUST-0043,60,72.57,one-year,No,Fiber Optic,0
CUST-0044,71,37.17,one-year,No,Fiber Optic,0
CUST-0045,44,47.23,two-year,Yes,DSL,0
CUST-0046,8,21.84,month-to-month,No,Fiber Optic,0
CUST-0047,47,111.43,two-year,No,Fiber Optic,0
CUST-0048,35,31.78,month-to-month,No,Fiber Optic,0
CUST-0049,36,77.65,month-to-month,Yes,Fiber Optic,0
CUST-0050,50,47.41,month-to-month,Yes,DSL,0
CUST-0051,4,75.42,month-to-month,No,None,1
CUST-0052,2,85.14,one-year,Yes,Fiber Optic,0
CUST-0053,6,102.97,one-year,No,Fiber Optic,1
CUST-0054,54,40.64,one-year,No,Fiber Optic,0
CUST-0055,4,21.1,month-to-month,Yes,Fiber Optic,0
CUST-0056,54,33.69,month-to-month,No,DSL,1
CUST-0057,63,110.0,month-to-month,No,DSL,0
CUST-0058,18,107.39,month-to-month,No,Fiber Optic,0
CUST-0059,44,79.74,month-to-month,No,Fiber Optic,1
CUST-0060,34,80.05,month-to-month,No,Fiber Optic,1
CUST-0061,62,86.5,month-to-month,No,DSL,1
CUST-0062,14,37.54,one-year,No,None,0
CUST-0063,48,111.44,one-year,No,Fiber Optic,0
CUST-0064,15,61.88,two-year,No,Fiber Optic,0
CUST-0065,62,58.31,two-year,No,None,0
CUST-0066,40,71.89,one-year,No,None,0
CUST-0067,53,24.7,month-to-month,No,Fiber Optic,1
CUST-0068,24,36.63,one-year,Yes,Fiber Optic,0
CUST-0069,26,93.8,one-year,No,Fiber Optic,1
CUST-0070,60,28.28,month-to-month,Yes,DSL,0
CUST-0071,41,80.32,month-to-month,Yes,Fiber Optic,0
CUST-0072,29,44.53,two-year,Yes,Fiber Optic,0
CUST-0073,15,58.93,month-to-month,No,DSL,0
CUST-0074,45,48.87,one-year,No,Fiber Optic,0
CUST-0075,65,55.57,one-year,No,DSL,0
CUST-0076,71,91.9,month-to-month,No,Fiber Optic,0
CUST-0077,9,49.71,month-to-month,No,Fiber Optic,1
CUST-0078,1,76.64,month-to-month,No,DSL,0
CUST-0079,8,67.61,month-to-month,No,Fiber Optic,1
CUST-0080,63,86.37,month-to-month,No,None,1
CUST-0081,11,113.68,two-year,Yes,DSL,0
CUST-0082,8,93.26,month-to-month,No,Fiber Optic,1
CUST-0083,35,41.49,month-to-month,No,DSL,0
CUST-0084,35,23.12,month-to-month,No,Fiber Optic,1
CUST-0085,33,46.23,two-year,Yes,None,0
CUST-0086,5,79.51,month-to-month,No,Fiber Optic,1
CUST-0087,41,25.14,month-to-month,Yes,DSL,0
CUST-0088,28,69.64,two-year,No,Fiber Optic,0
CUST-0089,7,79.68,two-year,No,Fiber Optic,1
CUST-0090,12,53.42,month-to-month,No,DSL,0
CUST-0091,34,97.09,two-year,Yes,DSL,0
CUST-0092,33,30.66,month-to-month,No,Fiber Optic,1
CUST-0093,48,27.51,month-to-month,No,Fiber Optic,1
CUST-0094,23,92.82,month-to-month,No,DSL,1
CUST-0095,62,69.55,month-to-month,No,None,0
CUST-0096,37,88.84,one-year,Yes,Fiber Optic,0
CUST-0097,44,63.48,month-to-month,No,DSL,1
CUST-0098,35,44.64,month-to-month,No,Fiber Optic,0
CUST-0099,65,101.91,one-year,No,None,1
CUST-0100,47,99.94,one-year,Yes,Fiber Optic,1
CUST-0101,3,89.47,month-to-month,No,Fiber Optic,1
CUST-0102,1,47.21,one-year,No,DSL,1
CUST-0103,5,79.02,month-to-month,No,Fiber Optic,1
CUST-0104,14,56.1,one-year,Yes,DSL,0
CUST-0105,27,29.16,one-year,No,Fiber Optic,1
CUST-0106,9,111.73,two-year,Yes,Fiber Optic,1
CUST-0107,15,33.68,month-to-month,Yes,Fiber Optic,1
CUST-0108,42,115.02,month-to-month,Yes,DSL,1
CUST-0109,51,64.6,month-to-month,No,Fiber Optic,1
CUST-0110,63,38.51,month-to-month,No,DSL,0
CUST-0111,52,74.19,month-to-month,No,DSL,0
CUST-0112,4,107.29,two-year,Yes,DSL,0
CUST-0113,23,93.22,month-to-month,No,Fiber Optic,1
CUST-0114,15,100.66,month-to-month,No,Fiber Optic,0
CUST-0115,43,85.88,one-year,No,Fiber Optic,0
CUST-0116,29,89.23,month-to-month,No,Fiber Optic,1
CUST-0117,36,104.92,one-year,Yes,Fiber Optic,1
CUST-0118,13,44.97,month-to-month,No,DSL,1
CUST-0119,32,68.94,month-to-month,Yes,Fiber Optic,1
CUST-0120,71,42.12,month-to-month,No,Fiber Optic,0
CUST-0121,59,118.77,month-to-month,Yes,Fiber Optic,1
CUST-0122,28,114.41,two-year,Yes,DSL,0
CUST-0123,66,23.94,month-to-month,No,Fiber Optic,1
CUST-0124,42,90.56,month-to-month,No,DSL,1
CUST-0125,45,112.52,month-to-month,Yes,Fiber Optic,0
CUST-0126,62,38.06,month-to-month,No,None,0
CUST-0127,57,76.79,two-year,No,None,0
CUST-0128,6,111.55,month-to-month,Yes,Fiber Optic,1
CUST-0129,28,23.39,one-year,No,Fiber Optic,1
CUST-0130,28,89.74,two-year,Yes,Fiber Optic,1
CUST-0131,44,49.73,one-year,No,Fiber Optic,0
CUST-0132,30,112.44,two-year,No,DSL,1
CUST-0133,62,117.11,month-to-month,Yes,DSL,1
CUST-0134,62,114.43,month-to-month,Yes,DSL,1
CUST-0135,1,67.42,month-to-month,No,DSL,1
CUST-0136,27,106.2,one-year,No,Fiber Optic,0
CUST-0137,62,104.45,two-year,No,Fiber Optic,0
CUST-0138,3,51.91,month-to-month,No,DSL,1
CUST-0139,70,102.89,one-year,No,Fiber Optic,0
CUST-0140,27,23.7,month-to-month,Yes,DSL,1
CUST-0141,9,79.63,one-year,No,Fiber Optic,1
CUST-0142,62,43.0,month-to-month,No,Fiber Optic,1
CUST-0143,37,32.06,two-year,Yes,None,0
CUST-0144,51,27.7,one-year,Yes,Fiber Optic,0
CUST-0145,44,89.63,month-to-month,Yes,None,0
CUST-0146,24,53.99,month-to-month,No,None,1
CUST-0147,59,92.48,month-to-month,No,DSL,0
CUST-0148,32,26.54,month-to-month,Yes,DSL,0
CUST-0149,52,51.53,month-to-month,No,DSL,1
CUST-0150,62,73.95,two-year,Yes,None,0
CUST-0151,58,99.07,one-year,No,Fiber Optic,0
CUST-0152,52,51.88,month-to-month,Yes,DSL,0
CUST-0153,12,82.59,month-to-month,No,DSL,1
CUST-0154,39,108.6,two-year,No,Fiber Optic,0
CUST-0155,2,81.59,one-year,No,Fiber Optic,0
CUST-0156,3,43.3,month-to-month,No,Fiber Optic,1
CUST-0157,56,22.44,one-year,Yes,DSL,0
CUST-0158,59,107.01,month-to-month,No,None,1
CUST-0159,2,22.13,month-to-month,Yes,Fiber Optic,1
CUST-0160,2,107.47,month-to-month,Yes,None,1
CUST-0161,54,72.89,month-to-month,No,DSL,1
CUST-0162,1,113.91,month-to-month,Yes,DSL,1
CUST-0163,19,99.88,two-year,Yes,DSL,0
CUST-0164,2,119.79,two-year,No,DSL,1
CUST-0165,53,55.07,one-year,No,Fiber Optic,0
CUST-0166,44,96.72,month-to-month,No,DSL,1
CUST-0167,32,60.19,month-to-month,Yes,Fiber Optic,1
CUST-0168,70,67.99,one-year,Yes,None,0
CUST-0169,32,82.75,month-to-month,No,None,1
CUST-0170,68,107.37,month-to-month,Yes,Fiber Optic,1
CUST-0171,55,118.41,month-to-month,Yes,Fiber Optic,1
CUST-0172,56,96.83,two-year,No,DSL,0
CUST-0173,17,61.78,month-to-month,No,Fiber Optic,1
CUST-0174,38,62.14,month-to-month,No,None,1
CUST-0175,24,93.76,one-year,Yes,Fiber Optic,0
CUST-0176,69,43.88,month-to-month,Yes,Fiber Optic,0
CUST-0177,70,31.05,month-to-month,No,None,0
CUST-0178,11,55.46,month-to-month,Yes,DSL,0
CUST-0179,16,48.72,month-to-month,No,DSL,1
CUST-0180,59,49.63,one-year,No,Fiber Optic,0
CUST-0181,70,43.36,month-to-month,No,DSL,1
CUST-0182,3,24.21,month-to-month,Yes,DSL,1
CUST-0183,20,21.79,two-year,Yes,DSL,0
CUST-0184,59,118.77,two-year,No,DSL,1
CUST-0185,36,62.78,two-year,No,DSL,0
CUST-0186,19,58.43,month-to-month,No,Fiber Optic,1
CUST-0187,67,87.96,month-to-month,Yes,Fiber Optic,0
CUST-0188,19,41.83,two-year,Yes,DSL,0
CUST-0189,20,115.0,one-year,No,Fiber Optic,0
CUST-0190,71,98.63,month-to-month,No,DSL,1
CUST-0191,52,28.94,month-to-month,No,Fiber Optic,0
CUST-0192,33,61.76,month-to-month,Yes,DSL,0
CUST-0193,40,107.91,two-year,No,DSL,0
CUST-0194,39,114.47,month-to-month,No,Fiber Optic,1
CUST-0195,1,66.74,month-to-month,No,Fiber Optic,1
CUST-0196,11,81.34,month-to-month,No,Fiber Optic,1
CUST-0197,57,36.7,one-year,Yes,DSL,0
CUST-0198,50,119.12,two-year,No,DSL,0
CUST-0199,23,43.17,month-to-month,Yes,Fiber Optic,1
CUST-0200,31,114.27,one-year,No,DSL,0
CUST-0201,42,84.96,two-year,No,Fiber Optic,0
CUST-0202,7,80.77,month-to-month,No,DSL,1
CUST-0203,16,71.27,month-to-month,No,None,1
CUST-0204,60,43.07,month-to-month,Yes,Fiber Optic,0
CUST-0205,2,37.65,one-year,No,DSL,1
CUST-0206,1,42.05,one-year,No,Fiber Optic,0
CUST-0207,48,38.64,one-year,Yes,Fiber Optic,0
CUST-0208,12,97.96,one-year,Yes,Fiber Optic,0
CUST-0209,69,55.01,month-to-month,No,Fiber Optic,0
CUST-0210,37,25.78,two-year,Yes,DSL,0
CUST-0211,32,116.91,month-to-month,No,Fiber Optic,1
CUST-0212,9,108.38,month-to-month,No,DSL,1
CUST-0213,19,112.78,one-year,No,Fiber Optic,0
CUST-0214,48,119.49,one-year,Yes,Fiber Optic,0
CUST-0215,3,37.39,month-to-month,No,DSL,1
CUST-0216,20,59.62,two-year,No,None,0
CUST-0217,24,95.82,two-year,Yes,Fiber Optic,0
CUST-0218,54,89.6,month-to-month,No,None,0
CUST-0219,33,35.39,two-year,No,DSL,1
CUST-0220,24,101.58,month-to-month,No,DSL,0
CUST-0221,36,42.44,month-to-month,Yes,DSL,0
CUST-0222,38,42.38,month-to-month,No,Fiber Optic,1
CUST-0223,25,73.7,two-year,Yes,Fiber Optic,0
CUST-0224,18,79.29,one-year,Yes,DSL,0
CUST-0225,66,78.01,month-to-month,No,Fiber Optic,1
CUST-0226,54,29.15,month-to-month,No,None,0
CUST-0227,35,107.75,one-year,Yes,Fiber Optic,0
CUST-0228,61,46.56,month-to-month,Yes,Fiber Optic,1
CUST-0229,41,32.95,two-year,Yes,DSL,0
CUST-0230,33,108.87,two-year,Yes,Fiber Optic,0
CUST-0231,68,115.57,month-to-month,Yes,DSL,1
CUST-0232,33,106.21,two-year,Yes,DSL,0
CUST-0233,14,100.95,month-to-month,No,None,1
CUST-0234,21,85.52,two-year,No,DSL,1
CUST-0235,48,75.09,one-year,No,DSL,0
CUST-0236,20,28.7,one-year,No,DSL,0
CUST-0237,8,60.85,month-to-month,Yes,None,1
CUST-0238,7,57.27,two-year,No,Fiber Optic,1
CUST-0239,67,45.98,month-to-month,No,Fiber Optic,1
CUST-0240,17,92.34,month-to-month,No,Fiber Optic,1
CUST-0241,33,69.59,month-to-month,No,Fiber Optic,1
CUST-0242,48,28.1,one-year,No,DSL,0
CUST-0243,59,42.02,month-to-month,No,DSL,0
CUST-0244,22,88.33,one-year,Yes,DSL,1
CUST-0245,30,27.61,two-year,No,Fiber Optic,0
CUST-0246,38,105.12,month-to-month,No,DSL,0
CUST-0247,51,69.51,one-year,No,Fiber Optic,0
CUST-0248,54,68.06,month-to-month,No,DSL,1
CUST-0249,8,79.24,two-year,Yes,DSL,1
CUST-0250,27,102.47,two-year,No,Fiber Optic,1
CUST-0251,27,54.78,month-to-month,No,Fiber Optic,1
CUST-0252,21,87.8,one-year,No,Fiber Optic,1
CUST-0253,30,76.57,month-to-month,No,DSL,0
CUST-0254,28,46.7,month-to-month,Yes,None,1
CUST-0255,64,107.86,two-year,No,DSL,1
CUST-0256,69,99.74,month-to-month,No,Fiber Optic,0
CUST-0257,61,85.85,month-to-month,No,Fiber Optic,0
CUST-0258,48,105.06,month-to-month,No,DSL,0
CUST-0259,19,106.73,two-year,No,DSL,0
CUST-0260,4,90.84,month-to-month,No,Fiber Optic,1
CUST-0261,35,103.7,month-to-month,Yes,Fiber Optic,1
CUST-0262,64,89.75,one-year,No,DSL,1
CUST-0263,49,88.01,two-year,No,Fiber Optic,1
CUST-0264,17,81.86,month-to-month,No,Fiber Optic,1
CUST-0265,44,95.27,month-to-month,No,Fiber Optic,1
CUST-0266,30,35.86,month-to-month,No,DSL,1
CUST-0267,46,108.09,month-to-month,Yes,None,1
CUST-0268,6,107.18,month-to-month,No,None,1
CUST-0269,37,22.92,one-year,Yes,DSL,0
CUST-0270,24,102.58,one-year,No,DSL,1
CUST-0271,46,32.89,one-year,Yes,Fiber Optic,0
CUST-0272,53,53.51,month-to-month,Yes,DSL,0
CUST-0273,60,94.35,two-year,No,Fiber Optic,0
CUST-0274,63,36.08,month-to-month,Yes,DSL,0
CUST-0275,32,101.8,two-year,No,Fiber Optic,1
CUST-0276,33,103.21,one-year,No,Fiber Optic,0
CUST-0277,67,70.75,month-to-month,Yes,Fiber Optic,0
CUST-0278,18,20.64,one-year,No,Fiber Optic,0
CUST-0279,25,48.7,month-to-month,No,Fiber Optic,0
CUST-0280,54,81.69,one-year,No,Fiber Optic,0
CUST-0281,58,118.12,month-to-month,Yes,None,0
CUST-0282,67,83.18,month-to-month,Yes,Fiber Optic,0
CUST-0283,46,45.98,two-year,Yes,DSL,0
CUST-0284,24,83.4,month-to-month,Yes,None,1
CUST-0285,32,74.0,two-year,Yes,None,1
CUST-0286,47,97.98,month-to-month,No,DSL,0
CUST-0287,23,30.7,one-year,No,DSL,0
CUST-0288,66,96.1,one-year,No,Fiber Optic,0
CUST-0289,27,74.13,month-to-month,No,Fiber Optic,0
CUST-0290,2,116.3,month-to-month,Yes,Fiber Optic,1
CUST-0291,17,54.19,month-to-month,Yes,DSL,0
CUST-0292,33,83.26,month-to-month,Yes,DSL,1
CUST-0293,9,113.2,month-to-month,Yes,Fiber Optic,0
CUST-0294,43,30.25,one-year,No,Fiber Optic,0
CUST-0295,48,113.72,two-year,No,DSL,1
CUST-0296,39,88.79,two-year,No,Fiber Optic,0
CUST-0297,42,26.78,one-year,No,DSL,0
CUST-0298,26,50.1,one-year,No,DSL,1
CUST-0299,50,90.82,one-year,No,DSL,0
CUST-0300,25,26.74,month-to-month,Yes,DSL,1
CUST-0301,24,78.22,two-year,No,None,1
CUST-0302,13,54.59,one-year,No,DSL,1
CUST-0303,60,82.09,one-year,Yes,DSL,0
CUST-0304,7,24.57,month-to-month,No,DSL,1
CUST-0305,57,107.15,month-to-month,No,Fiber Optic,0
CUST-0306,36,117.35,month-to-month,No,Fiber Optic,1
CUST-0307,45,116.89,two-year,No,Fiber Optic,0
CUST-0308,20,94.97,month-to-month,Yes,Fiber Optic,1
CUST-0309,65,33.01,month-to-month,No,DSL,0
CUST-0310,8,95.83,two-year,No,DSL,1
CUST-0311,16,22.46,month-to-month,No,Fiber Optic,0
CUST-0312,14,22.21,month-to-month,Yes,Fiber Optic,0
CUST-0313,15,52.36,month-to-month,No,None,0
CUST-0314,66,68.86,one-year,No,Fiber Optic,1
CUST-0315,32,97.04,two-year,No,DSL,0
CUST-0316,63,88.33,month-to-month,No,DSL,0
CUST-0317,51,64.59,two-year,No,DSL,0
CUST-0318,25,47.36,month-to-month,No,Fiber Optic,0
CUST-0319,58,119.71,two-year,No,Fiber Optic,0
CUST-0320,63,62.62,one-year,Yes,Fiber Optic,0
CUST-0321,62,65.14,two-year,No,DSL,0
CUST-0322,22,36.36,month-to-month,Yes,DSL,1
CUST-0323,58,99.48,two-year,No,Fiber Optic,1
CUST-0324,58,89.37,one-year,Yes,DSL,0
CUST-0325,49,42.08,month-to-month,Yes,DSL,0
CUST-0326,52,28.24,two-year,Yes,Fiber Optic,0
CUST-0327,42,88.05,month-to-month,Yes,DSL,1
CUST-0328,70,85.45,two-year,No,DSL,0
CUST-0329,15,47.33,month-to-month,No,Fiber Optic,1
CUST-0330,54,115.09,one-year,No,Fiber Optic,0
CUST-0331,60,35.11,month-to-month,Yes,DSL,0
CUST-0332,8,63.23,month-to-month,Yes,None,1
CUST-0333,53,114.36,month-to-month,Yes,DSL,0
CUST-0334,60,61.97,month-to-month,Yes,DSL,0
CUST-0335,5,83.85,month-to-month,No,DSL,1
CUST-0336,68,59.76,month-to-month,Yes,Fiber Optic,0
CUST-0337,6,47.42,one-year,No,DSL,0
CUST-0338,47,118.4,month-to-month,Yes,DSL,0
CUST-0339,55,60.93,month-to-month,Yes,Fiber Optic,0
CUST-0340,40,109.41,one-year,No,DSL,0
CUST-0341,52,43.0,month-to-month,No,DSL,0
CUST-0342,16,41.31,two-year,Yes,Fiber Optic,0
CUST-0343,13,23.11,two-year,Yes,None,0
CUST-0344,30,85.17,one-year,No,Fiber Optic,1
CUST-0345,19,56.85,one-year,Yes,Fiber Optic,0
CUST-0346,17,106.44,two-year,Yes,Fiber Optic,1
CUST-0347,63,67.32,month-to-month,No,DSL,1
CUST-0348,19,116.82,month-to-month,No,DSL,1
CUST-0349,58,38.55,month-to-month,No,Fiber Optic,0
CUST-0350,55,106.86,one-year,No,DSL,1
CUST-0351,62,97.66,month-to-month,No,Fiber Optic,1
CUST-0352,23,97.09,one-year,No,DSL,1
CUST-0353,9,104.48,two-year,No,DSL,0
CUST-0354,12,96.1,two-year,No,Fiber Optic,1
CUST-0355,1,82.62,month-to-month,Yes,None,1
CUST-0356,58,33.12,month-to-month,No,Fiber Optic,1
CUST-0357,1,23.25,two-year,No,Fiber Optic,0
CUST-0358,34,112.08,one-year,No,DSL,0
CUST-0359,48,81.67,month-to-month,No,None,0
CUST-0360,1,99.65,month-to-month,No,Fiber Optic,1
CUST-0361,16,68.15,two-year,Yes,Fiber Optic,1
CUST-0362,61,31.73,one-year,No,Fiber Optic,0
CUST-0363,64,32.52,two-year,Yes,DSL,0
CUST-0364,63,88.56,two-year,Yes,Fiber Optic,0
CUST-0365,69,63.03,one-year,Yes,DSL,0
CUST-0366,22,40.05,month-to-month,No,None,1
CUST-0367,67,69.16,month-to-month,Yes,DSL,0
CUST-0368,26,26.42,month-to-month,No,Fiber Optic,1
CUST-0369,16,78.2,month-to-month,No,Fiber Optic,0
CUST-0370,51,46.9,one-year,Yes,Fiber Optic,0
CUST-0371,57,99.76,one-year,No,None,1
CUST-0372,29,51.04,two-year,No,Fiber Optic,0
CUST-0373,69,65.52,month-to-month,Yes,Fiber Optic,0
CUST-0374,47,21.16,one-year,No,DSL,1
CUST-0375,62,27.24,one-year,Yes,Fiber Optic,0
CUST-0376,69,59.25,one-year,No,DSL,0
CUST-0377,16,67.99,one-year,No,Fiber Optic,0
CUST-0378,48,80.0,month-to-month,No,DSL,1
CUST-0379,39,49.17,month-to-month,No,None,0
CUST-0380,33,89.5,month-to-month,Yes,DSL,1
CUST-0381,23,106.01,month-to-month,Yes,None,1
CUST-0382,10,97.99,month-to-month,No,Fiber Optic,1
CUST-0383,69,23.96,one-year,No,DSL,0
CUST-0384,34,68.05,two-year,No,DSL,0
CUST-0385,52,30.49,one-year,No,DSL,0
CUST-0386,10,44.2,one-year,No,Fiber Optic,1
CUST-0387,19,118.67,month-to-month,No,Fiber Optic,1
CUST-0388,58,34.25,one-year,Yes,Fiber Optic,0
CUST-0389,1,69.89,month-to-month,No,Fiber Optic,1
CUST-0390,69,81.82,month-to-month,No,Fiber Optic,1
CUST-0391,4,90.25,month-to-month,Yes,DSL,1
CUST-0392,16,75.96,month-to-month,No,Fiber Optic,1
CUST-0393,24,20.98,month-to-month,No,Fiber Optic,0
CUST-0394,2,52.65,month-to-month,No,DSL,1
CUST-0395,32,71.77,month-to-month,Yes,DSL,0
CUST-0396,24,28.79,two-year,No,None,1
CUST-0397,12,55.06,month-to-month,No,DSL,1
CUST-0398,50,23.32,month-to-month,No,Fiber Optic,0
CUST-0399,35,27.86,month-to-month,Yes,DSL,0
CUST-0400,33,59.69,one-year,Yes,DSL,0
CUST-0401,33,33.27,month-to-month,No,Fiber Optic,1
CUST-0402,61,76.75,month-to-month,No,DSL,0
CUST-0403,51,88.95,month-to-month,No,None,1
CUST-0404,43,100.06,month-to-month,No,Fiber Optic,0
CUST-0405,12,40.02,month-to-month,Yes,Fiber Optic,1
CUST-0406,67,36.75,month-to-month,No,Fiber Optic,0
CUST-0407,65,30.46,month-to-month,Yes,Fiber Optic,0
CUST-0408,33,83.64,month-to-month,No,Fiber Optic,1
CUST-0409,40,90.65,month-to-month,No,DSL,1
CUST-0410,43,23.16,two-year,No,Fiber Optic,0
CUST-0411,44,113.62,one-year,No,None,0
CUST-0412,29,25.2,month-to-month,No,DSL,0
CUST-0413,13,74.13,month-to-month,Yes,DSL,0
CUST-0414,12,90.91,two-year,Yes,DSL,0
CUST-0415,46,107.1,month-to-month,No,Fiber Optic,1
CUST-0416,2,91.41,month-to-month,No,DSL,1
CUST-0417,35,100.17,one-year,Yes,DSL,0
CUST-0418,8,53.95,month-to-month,No,DSL,1
CUST-0419,26,101.48,month-to-month,No,DSL,0
CUST-0420,34,28.01,month-to-month,No,Fiber Optic,1
CUST-0421,7,109.48,two-year,No,None,1
CUST-0422,68,74.76,month-to-month,No,Fiber Optic,1
CUST-0423,58,101.73,one-year,Yes,None,1
CUST-0424,29,65.23,two-year,Yes,None,0
CUST-0425,36,84.36,month-to-month,No,Fiber Optic,1
CUST-0426,21,72.64,month-to-month,No,DSL,1
CUST-0427,36,93.16,month-to-month,Yes,Fiber Optic,0
CUST-0428,10,28.16,month-to-month,No,Fiber Optic,1
CUST-0429,24,26.04,month-to-month,No,DSL,1
CUST-0430,64,44.71,two-year,No,DSL,0
CUST-0431,49,35.95,one-year,Yes,None,0
CUST-0432,36,107.18,one-year,No,DSL,0
CUST-0433,24,41.92,month-to-month,No,DSL,0
CUST-0434,23,117.59,two-year,No,DSL,0
CUST-0435,62,53.69,two-year,No,None,0
CUST-0436,37,38.21,two-year,No,Fiber Optic,0
CUST-0437,12,98.97,month-to-month,No,None,1
CUST-0438,55,85.87,one-year,Yes,Fiber Optic,0
CUST-0439,13,69.82,month-to-month,No,DSL,1
CUST-0440,23,75.54,month-to-month,No,Fiber Optic,1
CUST-0441,30,91.92,month-to-month,No,Fiber Optic,1
CUST-0442,17,42.85,one-year,Yes,Fiber Optic,0
CUST-0443,62,119.63,one-year,Yes,DSL,0
CUST-0444,13,117.48,month-to-month,No,Fiber Optic,0
CUST-0445,59,85.03,month-to-month,No,Fiber Optic,0
CUST-0446,19,39.95,month-to-month,No,DSL,1
CUST-0447,49,88.02,month-to-month,No,None,0
CUST-0448,12,27.22,month-to-month,No,Fiber Optic,0
CUST-0449,61,23.07,month-to-month,No,Fiber Optic,0
CUST-0450,19,45.77,one-year,No,Fiber Optic,1
CUST-0451,9,66.26,month-to-month,No,Fiber Optic,0
CUST-0452,71,106.83,month-to-month,No,DSL,1
CUST-0453,28,92.72,month-to-month,Yes,DSL,1
CUST-0454,52,94.27,two-year,No,DSL,1
CUST-0455,16,62.55,one-year,No,Fiber Optic,0
CUST-0456,69,54.59,one-year,Yes,DSL,0
CUST-0457,12,57.1,month-to-month,Yes,DSL,1
CUST-0458,25,118.76,one-year,Yes,DSL,0
CUST-0459,52,24.01,month-to-month,Yes,DSL,0
CUST-0460,53,106.7,one-year,Yes,DSL,0
CUST-0461,23,77.87,two-year,No,DSL,1
CUST-0462,16,63.86,one-year,No,Fiber Optic,0
CUST-0463,57,92.53,two-year,No,None,0
CUST-0464,39,68.67,one-year,Yes,DSL,0
CUST-0465,53,107.34,month-to-month,Yes,DSL,0
CUST-0466,42,110.07,two-year,No,Fiber Optic,0
CUST-0467,58,62.17,month-to-month,No,DSL,1
CUST-0468,39,47.68,month-to-month,No,DSL,1
CUST-0469,14,79.24,month-to-month,No,Fiber Optic,1
CUST-0470,5,111.24,month-to-month,No,Fiber Optic,1
CUST-0471,35,41.07,month-to-month,Yes,DSL,1
CUST-0472,18,82.3,month-to-month,No,DSL,1
CUST-0473,9,83.16,month-to-month,Yes,DSL,1
CUST-0474,58,93.31,one-year,No,Fiber Optic,0
CUST-0475,17,33.16,month-to-month,No,DSL,0
CUST-0476,7,91.58,month-to-month,Yes,Fiber Optic,1
CUST-0477,46,110.9,one-year,Yes,Fiber Optic,0
CUST-0478,13,37.97,month-to-month,Yes,Fiber Optic,0
CUST-0479,40,43.75,one-year,No,Fiber Optic,0
CUST-0480,42,117.14,one-year,Yes,Fiber Optic,0
CUST-0481,9,38.1,two-year,No,Fiber Optic,1
CUST-0482,50,105.44,one-year,Yes,Fiber Optic,0
CUST-0483,27,69.23,month-to-month,No,Fiber Optic,0
CUST-0484,66,44.72,one-year,No,DSL,0
CUST-0485,5,107.07,month-to-month,No,DSL,1
CUST-0486,29,64.53,month-to-month,No,Fiber Optic,1
CUST-0487,37,71.48,one-year,Yes,DSL,0
CUST-0488,38,55.92,month-to-month,Yes,Fiber Optic,1
CUST-0489,8,79.3,one-year,No,DSL,1
CUST-0490,65,36.35,two-year,No,Fiber Optic,0
CUST-0491,17,59.11,two-year,No,Fiber Optic,0
CUST-0492,71,116.94,two-year,Yes,DSL,0
CUST-0493,45,45.81,month-to-month,Yes,DSL,0
CUST-0494,4,85.67,month-to-month,Yes,None,1
CUST-0495,36,52.52,one-year,No,DSL,0
CUST-0496,70,97.35,month-to-month,Yes,None,0
CUST-0497,31,33.09,one-year,No,Fiber Optic,1
CUST-0498,19,116.98,one-year,Yes,Fiber Optic,0
CUST-0499,61,65.38,one-year,No,Fiber Optic,1
CUST-0500,54,43.61,month-to-month,Yes,Fiber Optic,0
CUST-0501,39,27.35,month-to-month,No,DSL,1
CUST-0502,19,36.98,month-to-month,No,DSL,0
CUST-0503,39,71.98,month-to-month,Yes,Fiber Optic,0
CUST-0504,67,53.7,two-year,No,None,0
CUST-0505,45,102.89,month-to-month,No,DSL,1
CUST-0506,13,63.09,month-to-month,No,Fiber Optic,1
CUST-0507,58,44.87,month-to-month,No,Fiber Optic,0
CUST-0508,20,81.71,one-year,Yes,Fiber Optic,0
CUST-0509,61,90.68,one-year,No,Fiber Optic,1
CUST-0510,39,36.7,month-to-month,Yes,Fiber Optic,0
CUST-0511,1,36.76,month-to-month,Yes,DSL,0
CUST-0512,3,23.67,month-to-month,No,Fiber Optic,0
CUST-0513,62,93.64,month-to-month,Yes,Fiber Optic,0
CUST-0514,63,86.38,one-year,No,None,0
CUST-0515,25,67.46,one-year,No,DSL,1
CUST-0516,56,104.42,month-to-month,No,None,0
CUST-0517,33,100.57,month-to-month,No,Fiber Optic,1
CUST-0518,38,78.54,two-year,Yes,Fiber Optic,0
CUST-0519,6,106.83,month-to-month,Yes,DSL,1
CUST-0520,58,40.58,one-year,No,Fiber Optic,0
CUST-0521,44,31.19,month-to-month,Yes,Fiber Optic,0
CUST-0522,45,46.97,month-to-month,Yes,DSL,1
CUST-0523,32,25.71,month-to-month,No,DSL,1
CUST-0524,45,73.12,month-to-month,No,Fiber Optic,0
CUST-0525,61,113.66,two-year,No,DSL,0
CUST-0526,47,23.93,month-to-month,Yes,Fiber Optic,0
CUST-0527,21,32.21,month-to-month,No,Fiber Optic,1
CUST-0528,36,65.22,month-to-month,Yes,Fiber Optic,1
CUST-0529,19,113.39,month-to-month,Yes,Fiber Optic,1
CUST-0530,20,51.62,month-to-month,No,Fiber Optic,1
CUST-0531,57,70.72,month-to-month,No,None,0
CUST-0532,18,24.16,one-year,No,DSL,1
CUST-0533,47,34.83,month-to-month,Yes,DSL,0
CUST-0534,49,118.66,month-to-month,No,Fiber Optic,1
CUST-0535,14,116.51,two-year,No,Fiber Optic,1
CUST-0536,15,20.49,month-to-month,No,Fiber Optic,0
CUST-0537,31,115.18,two-year,No,Fiber Optic,0
CUST-0538,1,83.91,month-to-month,No,Fiber Optic,1
CUST-0539,54,106.79,two-year,No,DSL,0
CUST-0540,3,65.47,one-year,No,DSL,0
CUST-0541,16,71.56,two-year,No,DSL,0
CUST-0542,57,68.88,two-year,No,DSL,0
CUST-0543,12,86.69,month-to-month,No,None,1
CUST-0544,16,33.97,two-year,No,Fiber Optic,0
CUST-0545,24,23.0,month-to-month,No,Fiber Optic,0
CUST-0546,28,50.79,month-to-month,Yes,Fiber Optic,1
CUST-0547,8,90.47,month-to-month,No,DSL,1
CUST-0548,36,40.19,month-to-month,No,None,1
CUST-0549,8,87.34,month-to-month,No,Fiber Optic,1
CUST-0550,58,116.99,one-year,Yes,None,0
CUST-0551,60,29.39,month-to-month,No,DSL,0
CUST-0552,50,87.26,one-year,Yes,Fiber Optic,0
CUST-0553,28,64.38,two-year,No,Fiber Optic,1
CUST-0554,41,106.81,month-to-month,No,Fiber Optic,1
CUST-0555,64,37.71,month-to-month,No,None,0
CUST-0556,27,89.26,month-to-month,No,Fiber Optic,1
CUST-0557,63,103.81,month-to-month,No,DSL,0
CUST-0558,17,114.46,month-to-month,No,Fiber Optic,1
CUST-0559,33,88.32,month-to-month,Yes,DSL,1
CUST-0560,29,69.72,month-to-month,No,Fiber Optic,1
CUST-0561,13,81.78,two-year,No,DSL,0
CUST-0562,46,106.89,one-year,No,DSL,0
CUST-0563,35,77.06,month-to-month,No,DSL,1
CUST-0564,6,23.04,one-year,No,None,0
CUST-0565,69,113.09,month-to-month,Yes,Fiber Optic,0
CUST-0566,47,88.95,month-to-month,No,DSL,1
CUST-0567,25,87.65,one-year,No,Fiber Optic,0
CUST-0568,66,41.57,month-to-month,No,Fiber Optic,1
CUST-0569,10,85.89,month-to-month,No,DSL,0
CUST-0570,56,59.39,two-year,Yes,Fiber Optic,0
CUST-0571,30,85.12,two-year,Yes,DSL,0
CUST-0572,5,30.66,one-year,No,None,1
CUST-0573,33,85.78,one-year,No,Fiber Optic,0
CUST-0574,65,119.94,one-year,Yes,DSL,0
CUST-0575,18,24.82,month-to-month,No,Fiber Optic,1
CUST-0576,49,117.72,month-to-month,No,Fiber Optic,0
CUST-0577,11,60.69,month-to-month,No,Fiber Optic,1
CUST-0578,26,107.08,month-to-month,No,None,0
CUST-0579,63,98.24,month-to-month,Yes,None,0
CUST-0580,59,76.7,month-to-month,Yes,None,0
CUST-0581,27,93.84,two-year,No,None,0
CUST-0582,49,107.85,two-year,No,Fiber Optic,0
CUST-0583,33,60.41,one-year,No,Fiber Optic,1
CUST-0584,1,52.7,month-to-month,No,DSL,1
CUST-0585,21,86.76,two-year,No,DSL,0
CUST-0586,55,100.78,month-to-month,No,Fiber Optic,1
CUST-0587,6,96.23,one-year,No,Fiber Optic,1
CUST-0588,69,99.78,month-to-month,No,DSL,0
CUST-0589,5,63.56,one-year,No,DSL,1
CUST-0590,3,101.78,month-to-month,Yes,Fiber Optic,1
CUST-0591,53,32.02,two-year,No,DSL,0
CUST-0592,23,74.45,two-year,Yes,DSL,0
CUST-0593,53,20.58,month-to-month,No,DSL,1
CUST-0594,37,52.46,month-to-month,No,Fiber Optic,1
CUST-0595,17,56.65,two-year,No,DSL,1
CUST-0596,1,59.62,month-to-month,No,Fiber Optic,1
CUST-0597,51,89.55,two-year,Yes,Fiber Optic,0
CUST-0598,45,58.86,one-year,Yes,DSL,0
CUST-0599,4,64.87,month-to-month,No,DSL,0
CUST-0600,62,43.75,month-to-month,Yes,Fiber Optic,0
CUST-0601,65,57.33,month-to-month,No,DSL,1
CUST-0602,32,42.73,one-year,No,DSL,0
CUST-0603,34,27.32,month-to-month,No,DSL,1
CUST-0604,39,80.34,month-to-month,No,DSL,0
CUST-0605,26,86.82,month-to-month,Yes,DSL,1
CUST-0606,34,81.95,one-year,No,DSL,0
CUST-0607,54,66.35,two-year,No,Fiber Optic,1
CUST-0608,3,57.98,two-year,Yes,Fiber Optic,1
CUST-0609,50,106.33,month-to-month,No,Fiber Optic,0
CUST-0610,12,71.91,two-year,Yes,DSL,0
CUST-0611,65,67.92,one-year,No,DSL,0
CUST-0612,54,22.56,one-year,No,Fiber Optic,0
CUST-0613,5,54.12,two-year,Yes,Fiber Optic,0
CUST-0614,57,58.02,month-to-month,No,DSL,0
CUST-0615,17,59.88,month-to-month,No,Fiber Optic,1
CUST-0616,47,78.02,two-year,No,DSL,0
CUST-0617,23,73.36,month-to-month,No,Fiber Optic,1
CUST-0618,14,80.79,two-year,No,DSL,0
CUST-0619,66,96.49,two-year,Yes,None,0
CUST-0620,51,101.3,month-to-month,Yes,Fiber Optic,0
CUST-0621,38,91.81,two-year,Yes,DSL,1
CUST-0622,64,115.55,month-to-month,No,Fiber Optic,0
CUST-0623,38,21.82,month-to-month,No,DSL,1
CUST-0624,50,39.58,one-year,No,DSL,0
CUST-0625,30,20.76,two-year,No,Fiber Optic,1
CUST-0626,51,84.75,month-to-month,Yes,DSL,1
CUST-0627,63,109.8,month-to-month,No,None,0
CUST-0628,52,44.35,one-year,Yes,Fiber Optic,0
CUST-0629,38,112.7,one-year,Yes,Fiber Optic,0
CUST-0630,30,26.03,one-year,Yes,None,1
CUST-0631,51,113.44,month-to-month,No,DSL,0
CUST-0632,5,55.16,month-to-month,Yes,None,1
CUST-0633,29,30.14,month-to-month,Yes,DSL,1
CUST-0634,4,68.59,two-year,Yes,DSL,0
CUST-0635,10,45.68,month-to-month,Yes,Fiber Optic,1
CUST-0636,56,48.49,month-to-month,No,DSL,1
CUST-0637,17,50.73,two-year,No,None,0
CUST-0638,17,100.3,month-to-month,No,DSL,1
CUST-0639,69,73.92,two-year,No,Fiber Optic,0
CUST-0640,34,51.13,one-year,Yes,Fiber Optic,0
CUST-0641,6,81.03,two-year,No,Fiber Optic,1
CUST-0642,53,91.62,month-to-month,Yes,Fiber Optic,1
CUST-0643,66,47.26,month-to-month,Yes,Fiber Optic,1
CUST-0644,43,61.35,one-year,Yes,DSL,0
CUST-0645,23,32.19,two-year,Yes,DSL,0
CUST-0646,55,38.11,one-year,Yes,Fiber Optic,0
CUST-0647,16,88.11,month-to-month,No,DSL,0
CUST-0648,8,38.14,one-year,No,Fiber Optic,1
CUST-0649,4,72.52,one-year,Yes,Fiber Optic,0
CUST-0650,4,90.9,one-year,Yes,Fiber Optic,1
CUST-0651,56,30.69,one-year,No,DSL,0
CUST-0652,25,76.73,two-year,Yes,Fiber Optic,1
CUST-0653,67,45.66,one-year,Yes,Fiber Optic,0
CUST-0654,67,116.29,month-to-month,No,Fiber Optic,0
CUST-0655,27,68.35,month-to-month,Yes,DSL,1
CUST-0656,32,100.6,month-to-month,Yes,Fiber Optic,1
CUST-0657,50,75.02,month-to-month,No,DSL,0
CUST-0658,61,24.34,month-to-month,Yes,DSL,0
CUST-0659,51,83.32,month-to-month,No,DSL,0
CUST-0660,19,115.14,month-to-month,No,None,1
CUST-0661,21,80.16,month-to-month,Yes,Fiber Optic,1
CUST-0662,5,101.92,two-year,No,Fiber Optic,0
CUST-0663,42,108.42,two-year,No,None,0
CUST-0664,61,42.81,month-to-month,Yes,DSL,1
CUST-0665,22,41.2,two-year,No,DSL,1
CUST-0666,21,81.1,month-to-month,Yes,DSL,1
CUST-0667,70,61.1,month-to-month,No,DSL,1
CUST-0668,1,103.99,month-to-month,Yes,None,1
CUST-0669,5,110.0,month-to-month,No,None,1
CUST-0670,12,55.34,one-year,Yes,DSL,0
CUST-0671,46,43.69,one-year,No,Fiber Optic,1
CUST-0672,34,98.05,month-to-month,Yes,None,1
CUST-0673,49,47.48,month-to-month,No,Fiber Optic,0
CUST-0674,45,102.26,month-to-month,No,Fiber Optic,0
CUST-0675,27,62.37,month-to-month,No,None,1
CUST-0676,26,86.75,month-to-month,No,Fiber Optic,1
CUST-0677,47,29.55,month-to-month,No,Fiber Optic,1
CUST-0678,56,82.39,two-year,No,Fiber Optic,0
CUST-0679,63,65.18,two-year,No,None,1
CUST-0680,48,78.66,month-to-month,Yes,DSL,1
CUST-0681,61,36.8,two-year,No,DSL,0
CUST-0682,26,93.69,month-to-month,No,Fiber Optic,0
CUST-0683,36,106.28,month-to-month,No,DSL,1
CUST-0684,1,41.67,month-to-month,No,DSL,1
CUST-0685,8,29.57,one-year,No,Fiber Optic,1
CUST-0686,52,22.36,two-year,Yes,Fiber Optic,0
CUST-0687,47,84.2,one-year,No,Fiber Optic,1
CUST-0688,56,80.71,month-to-month,No,None,1
CUST-0689,14,74.67,one-year,No,DSL,0
CUST-0690,28,43.19,month-to-month,No,None,1
CUST-0691,2,59.09,two-year,No,Fiber Optic,1
CUST-0692,26,79.45,month-to-month,No,DSL,0
CUST-0693,14,69.68,month-to-month,No,DSL,0
CUST-0694,59,118.78,one-year,No,DSL,0
CUST-0695,56,33.64,one-year,Yes,None,0
CUST-0696,7,89.51,month-to-month,No,Fiber Optic,1
CUST-0697,3,60.43,one-year,No,Fiber Optic,1
CUST-0698,23,62.82,month-to-month,Yes,DSL,0
CUST-0699,18,91.76,one-year,Yes,DSL,0
CUST-0700,38,89.24,two-year,No,DSL,0
CUST-0701,15,119.13,two-year,Yes,Fiber Optic,0
CUST-0702,64,32.84,one-year,No,DSL,0
CUST-0703,28,30.41,month-to-month,No,Fiber Optic,0
CUST-0704,39,92.43,month-to-month,No,Fiber Optic,1
CUST-0705,57,77.84,one-year,No,DSL,0
CUST-0706,17,47.42,month-to-month,Yes,DSL,1
CUST-0707,44,27.94,month-to-month,No,Fiber Optic,1
CUST-0708,25,28.57,month-to-month,No,Fiber Optic,1
CUST-0709,17,109.42,month-to-month,No,Fiber Optic,1
CUST-0710,13,39.19,one-year,Yes,Fiber Optic,0
CUST-0711,25,52.34,month-to-month,No,DSL,1
CUST-0712,68,42.67,one-year,Yes,None,0
CUST-0713,10,55.5,month-to-month,Yes,Fiber Optic,1
CUST-0714,67,26.94,month-to-month,Yes,DSL,0
CUST-0715,18,71.91,month-to-month,Yes,None,0
CUST-0716,34,26.76,month-to-month,No,DSL,0
CUST-0717,8,100.04,month-to-month,Yes,Fiber Optic,0
CUST-0718,40,43.37,one-year,No,None,0
CUST-0719,42,74.0,month-to-month,No,Fiber Optic,0
CUST-0720,41,108.01,two-year,No,Fiber Optic,0
CUST-0721,6,85.09,month-to-month,Yes,Fiber Optic,1
CUST-0722,52,73.3,month-to-month,No,DSL,1
CUST-0723,26,52.43,one-year,No,Fiber Optic,0
CUST-0724,64,53.3,month-to-month,No,Fiber Optic,0
CUST-0725,59,86.95,month-to-month,Yes,Fiber Optic,1
CUST-0726,56,119.41,month-to-month,No,DSL,0
CUST-0727,59,86.18,month-to-month,No,None,1
CUST-0728,70,75.78,two-year,No,Fiber Optic,0
CUST-0729,33,93.07,month-to-month,Yes,None,1
CUST-0730,53,66.52,one-year,No,None,0
CUST-0731,22,26.01,two-year,Yes,DSL,1
CUST-0732,21,76.23,month-to-month,Yes,Fiber Optic,0
CUST-0733,70,115.76,two-year,No,DSL,1
CUST-0734,70,37.53,month-to-month,Yes,None,0
CUST-0735,4,89.0,two-year,Yes,DSL,0
CUST-0736,62,40.09,month-to-month,Yes,Fiber Optic,0
CUST-0737,62,73.58,one-year,No,DSL,0
CUST-0738,24,29.67,month-to-month,No,DSL,1
CUST-0739,55,65.04,month-to-month,No,DSL,0
CUST-0740,9,95.62,one-year,No,Fiber Optic,0
CUST-0741,3,54.76,one-year,Yes,Fiber Optic,1
CUST-0742,31,86.49,month-to-month,No,DSL,1
CUST-0743,40,99.54,month-to-month,No,None,1
CUST-0744,36,112.72,one-year,Yes,Fiber Optic,0
CUST-0745,24,43.46,one-year,No,None,0
CUST-0746,6,59.93,two-year,No,Fiber Optic,1
CUST-0747,66,35.24,one-year,Yes,DSL,0
CUST-0748,4,119.25,two-year,Yes,DSL,1
CUST-0749,6,112.7,one-year,Yes,DSL,1
CUST-0750,51,74.0,month-to-month,Yes,None,0
CUST-0751,62,104.2,month-to-month,No,Fiber Optic,0
CUST-0752,57,72.1,one-year,No,None,0
CUST-0753,66,82.36,one-year,No,Fiber Optic,0
CUST-0754,8,28.91,month-to-month,No,DSL,1
CUST-0755,26,95.53,month-to-month,Yes,DSL,1
CUST-0756,51,32.77,two-year,No,DSL,0
CUST-0757,45,102.61,month-to-month,No,Fiber Optic,0
CUST-0758,44,98.2,month-to-month,No,None,0
CUST-0759,5,90.87,month-to-month,No,Fiber Optic,1
CUST-0760,70,23.62,month-to-month,No,Fiber Optic,1
CUST-0761,26,50.31,month-to-month,No,DSL,1
CUST-0762,68,46.31,month-to-month,No,DSL,0
CUST-0763,19,56.01,month-to-month,Yes,DSL,1
CUST-0764,20,28.76,one-year,Yes,Fiber Optic,0
CUST-0765,12,113.7,month-to-month,Yes,Fiber Optic,1
CUST-0766,47,75.38,two-year,Yes,DSL,0
CUST-0767,1,50.55,two-year,No,DSL,0
CUST-0768,14,59.7,month-to-month,No,Fiber Optic,0
CUST-0769,64,64.72,one-year,No,DSL,0
CUST-0770,38,80.06,month-to-month,No,DSL,0
CUST-0771,37,71.57,two-year,No,DSL,0
CUST-0772,11,111.94,month-to-month,Yes,DSL,1
CUST-0773,3,69.7,one-year,Yes,DSL,1
CUST-0774,33,119.22,one-year,No,DSL,1
CUST-0775,6,105.14,month-to-month,No,DSL,1
CUST-0776,50,40.85,month-to-month,No,Fiber Optic,1
CUST-0777,10,113.06,one-year,Yes,DSL,0
CUST-0778,5,31.64,one-year,Yes,DSL,0
CUST-0779,23,101.74,month-to-month,No,DSL,1
CUST-0780,10,58.06,one-year,Yes,Fiber Optic,1
CUST-0781,44,107.8,month-to-month,Yes,None,0
CUST-0782,2,106.81,one-year,No,DSL,1
CUST-0783,13,100.59,month-to-month,Yes,Fiber Optic,1
CUST-0784,40,99.0,two-year,No,Fiber Optic,1
CUST-0785,2,50.47,month-to-month,Yes,None,1
CUST-0786,65,28.09,month-to-month,Yes,Fiber Optic,0
CUST-0787,63,60.3,month-to-month,No,None,0
CUST-0788,17,37.35,month-to-month,No,DSL,0
CUST-0789,9,89.5,month-to-month,No,DSL,1
CUST-0790,15,54.61,month-to-month,No,Fiber Optic,1
CUST-0791,24,117.56,two-year,Yes,Fiber Optic,0
CUST-0792,38,84.1,month-to-month,No,None,1
CUST-0793,35,102.25,month-to-month,Yes,Fiber Optic,1
CUST-0794,49,33.25,month-to-month,No,DSL,0
CUST-0795,69,106.2,month-to-month,No,Fiber Optic,0
CUST-0796,62,112.28,month-to-month,No,Fiber Optic,1
CUST-0797,60,68.71,month-to-month,No,Fiber Optic,1
CUST-0798,50,80.63,month-to-month,Yes,DSL,0
CUST-0799,9,96.48,month-to-month,Yes,None,1
CUST-0800,34,37.48,month-to-month,No,Fiber Optic,1
CUST-0801,35,70.26,one-year,No,Fiber Optic,0
CUST-0802,1,59.87,month-to-month,No,Fiber Optic,1
CUST-0803,40,34.64,month-to-month,Yes,DSL,0
CUST-0804,64,56.75,two-year,Yes,Fiber Optic,0
CUST-0805,22,26.82,month-to-month,Yes,None,1
CUST-0806,60,22.58,one-year,No,DSL,0
CUST-0807,64,33.52,month-to-month,No,DSL,0
CUST-0808,11,116.31,one-year,No,Fiber Optic,0
CUST-0809,14,74.95,one-year,Yes,None,0
CUST-0810,60,116.58,month-to-month,No,Fiber Optic,1
CUST-0811,30,63.25,two-year,No,Fiber Optic,0
CUST-0812,35,51.18,month-to-month,Yes,DSL,0
CUST-0813,37,70.61,month-to-month,No,DSL,0
CUST-0814,5,63.95,one-year,No,Fiber Optic,0
CUST-0815,26,30.57,two-year,No,Fiber Optic,0
CUST-0816,62,84.08,month-to-month,No,DSL,1
CUST-0817,4,41.6,month-to-month,Yes,Fiber Optic,1
CUST-0818,42,81.96,month-to-month,Yes,DSL,0
CUST-0819,18,85.02,month-to-month,No,DSL,0
CUST-0820,40,35.2,one-year,Yes,Fiber Optic,0
CUST-0821,39,26.13,month-to-month,No,DSL,1
CUST-0822,14,98.08,month-to-month,No,Fiber Optic,1
CUST-0823,32,65.98,month-to-month,No,DSL,0
CUST-0824,51,25.82,month-to-month,No,DSL,1
CUST-0825,38,119.49,month-to-month,Yes,Fiber Optic,0
CUST-0826,23,25.78,one-year,Yes,DSL,0
CUST-0827,63,89.5,two-year,Yes,None,0
CUST-0828,15,118.37,two-year,No,Fiber Optic,0
CUST-0829,25,43.92,month-to-month,Yes,None,1
CUST-0830,17,34.22,two-year,Yes,Fiber Optic,0
CUST-0831,66,32.14,one-year,No,Fiber Optic,0
CUST-0832,53,50.33,one-year,No,Fiber Optic,0
CUST-0833,51,30.1,month-to-month,Yes,Fiber Optic,0
CUST-0834,39,89.22,month-to-month,No,Fiber Optic,1
CUST-0835,51,26.23,month-to-month,No,Fiber Optic,1
CUST-0836,70,70.94,month-to-month,Yes,None,0
CUST-0837,6,119.67,month-to-month,Yes,DSL,1
CUST-0838,67,101.4,month-to-month,Yes,DSL,0
CUST-0839,7,81.52,month-to-month,No,Fiber Optic,0
CUST-0840,51,50.63,one-year,Yes,Fiber Optic,0
CUST-0841,42,82.39,month-to-month,No,Fiber Optic,0
CUST-0842,64,72.7,month-to-month,No,DSL,1
CUST-0843,15,62.61,two-year,No,None,0
CUST-0844,29,33.07,two-year,Yes,Fiber Optic,0
CUST-0845,33,108.66,one-year,No,Fiber Optic,1
CUST-0846,27,64.98,two-year,No,DSL,1
CUST-0847,36,39.46,month-to-month,No,Fiber Optic,1
CUST-0848,29,56.78,two-year,No,Fiber Optic,0
CUST-0849,38,61.41,month-to-month,No,DSL,0
CUST-0850,57,102.75,month-to-month,No,DSL,0
CUST-0851,27,93.36,month-to-month,No,Fiber Optic,1
CUST-0852,55,96.93,month-to-month,No,Fiber Optic,0
CUST-0853,33,21.1,month-to-month,Yes,None,0
CUST-0854,68,61.62,one-year,Yes,Fiber Optic,0
CUST-0855,66,68.13,one-year,Yes,Fiber Optic,0
CUST-0856,10,21.92,one-year,No,Fiber Optic,0
CUST-0857,5,45.98,month-to-month,No,Fiber Optic,0
CUST-0858,38,96.03,two-year,No,Fiber Optic,1
CUST-0859,13,33.71,one-year,No,DSL,1
CUST-0860,31,73.53,month-to-month,No,Fiber Optic,1
CUST-0861,47,41.52,one-year,No,Fiber Optic,0
CUST-0862,52,21.21,month-to-month,Yes,DSL,0
CUST-0863,56,44.12,month-to-month,No,DSL,1
CUST-0864,15,117.59,two-year,Yes,None,1
CUST-0865,29,100.15,month-to-month,Yes,None,1
CUST-0866,8,115.96,month-to-month,Yes,Fiber Optic,1
CUST-0867,5,68.79,two-year,Yes,DSL,0
CUST-0868,29,30.97,one-year,No,DSL,0
CUST-0869,47,74.8,month-to-month,No,None,0
CUST-0870,68,65.44,month-to-month,Yes,DSL,1
CUST-0871,45,104.44,month-to-month,No,None,0
CUST-0872,2,29.81,one-year,No,DSL,0
CUST-0873,27,68.82,month-to-month,Yes,Fiber Optic,1
CUST-0874,36,35.0,month-to-month,No,DSL,0
CUST-0875,36,52.47,two-year,Yes,None,0
CUST-0876,26,93.74,month-to-month,No,None,1
CUST-0877,43,67.6,month-to-month,No,Fiber Optic,0
CUST-0878,27,57.59,month-to-month,Yes,DSL,1
CUST-0879,69,59.45,one-year,Yes,Fiber Optic,0
CUST-0880,20,65.94,month-to-month,No,Fiber Optic,1
CUST-0881,11,98.5,month-to-month,No,Fiber Optic,1
CUST-0882,38,109.21,two-year,Yes,Fiber Optic,0
CUST-0883,6,115.53,month-to-month,No,DSL,1
CUST-0884,23,98.69,month-to-month,No,Fiber Optic,1
CUST-0885,47,51.54,month-to-month,No,DSL,0
CUST-0886,46,88.81,month-to-month,No,Fiber Optic,0
CUST-0887,12,63.76,month-to-month,No,Fiber Optic,1
CUST-0888,13,45.47,month-to-month,No,Fiber Optic,0
CUST-0889,62,104.09,month-to-month,No,Fiber Optic,1
CUST-0890,60,23.84,month-to-month,No,Fiber Optic,1
CUST-0891,43,110.18,two-year,Yes,Fiber Optic,0
CUST-0892,68,66.15,two-year,Yes,DSL,0
CUST-0893,5,83.72,one-year,No,Fiber Optic,1
CUST-0894,37,85.94,two-year,No,Fiber Optic,0
CUST-0895,31,109.51,month-to-month,Yes,Fiber Optic,0
CUST-0896,9,83.67,two-year,No,None,1
CUST-0897,51,81.39,month-to-month,No,None,1
CUST-0898,29,26.67,two-year,Yes,DSL,1
CUST-0899,40,71.84,two-year,No,Fiber Optic,0
CUST-0900,41,35.02,one-year,Yes,Fiber Optic,0
CUST-0901,11,93.74,two-year,Yes,None,0
CUST-0902,23,71.22,one-year,No,Fiber Optic,1
CUST-0903,1,88.02,month-to-month,No,Fiber Optic,1
CUST-0904,46,24.17,month-to-month,Yes,Fiber Optic,0
CUST-0905,21,28.48,one-year,No,Fiber Optic,1
CUST-0906,36,91.63,month-to-month,No,Fiber Optic,1
CUST-0907,54,27.21,one-year,Yes,DSL,1
CUST-0908,57,27.13,two-year,Yes,Fiber Optic,1
CUST-0909,1,21.21,month-to-month,No,DSL,1
CUST-0910,63,115.65,one-year,Yes,Fiber Optic,0
CUST-0911,54,93.75,two-year,No,Fiber Optic,0
CUST-0912,55,55.33,two-year,No,None,0
CUST-0913,40,49.65,two-year,No,Fiber Optic,0
CUST-0914,15,54.97,month-to-month,Yes,DSL,1
CUST-0915,21,97.47,two-year,No,DSL,0
CUST-0916,47,86.14,one-year,No,Fiber Optic,0
CUST-0917,53,38.52,month-to-month,Yes,None,1
CUST-0918,9,37.41,month-to-month,Yes,Fiber Optic,1
CUST-0919,52,29.84,one-year,Yes,None,0
CUST-0920,57,86.03,month-to-month,No,Fiber Optic,1
CUST-0921,26,96.44,one-year,No,None,1
CUST-0922,41,46.5,one-year,Yes,Fiber Optic,0
CUST-0923,35,22.09,month-to-month,No,DSL,1
CUST-0924,63,28.22,one-year,Yes,DSL,0
CUST-0925,25,116.79,one-year,No,None,0
CUST-0926,38,49.54,month-to-month,No,None,0
CUST-0927,2,96.92,month-to-month,No,DSL,1
CUST-0928,7,82.47,month-to-month,No,None,0
CUST-0929,34,58.19,month-to-month,No,Fiber Optic,1
CUST-0930,17,40.57,two-year,No,Fiber Optic,1
CUST-0931,43,32.14,month-to-month,No,Fiber Optic,0
CUST-0932,59,81.5,one-year,No,Fiber Optic,0
CUST-0933,51,97.46,month-to-month,Yes,Fiber Optic,1
CUST-0934,54,84.39,month-to-month,Yes,DSL,0
CUST-0935,24,73.03,two-year,Yes,Fiber Optic,0
CUST-0936,25,24.2,one-year,No,DSL,1
CUST-0937,71,116.85,month-to-month,No,Fiber Optic,1
CUST-0938,52,99.87,month-to-month,No,Fiber Optic,1
CUST-0939,70,49.28,month-to-month,Yes,DSL,0
CUST-0940,33,118.0,month-to-month,No,DSL,0
CUST-0941,49,80.19,one-year,No,DSL,0
CUST-0942,29,78.24,month-to-month,No,DSL,0
CUST-0943,63,94.81,month-to-month,No,Fiber Optic,1
CUST-0944,22,101.18,month-to-month,No,DSL,1
CUST-0945,26,85.65,two-year,Yes,Fiber Optic,0
CUST-0946,28,32.81,two-year,No,Fiber Optic,1
CUST-0947,49,53.83,month-to-month,Yes,Fiber Optic,0
CUST-0948,71,112.81,one-year,No,Fiber Optic,0
CUST-0949,49,42.46,month-to-month,No,Fiber Optic,1
CUST-0950,20,57.22,month-to-month,No,None,1
CUST-0951,63,63.21,one-year,Yes,None,0
CUST-0952,61,63.94,two-year,No,Fiber Optic,0
CUST-0953,49,81.29,two-year,No,Fiber Optic,0
CUST-0954,71,114.31,one-year,Yes,Fiber Optic,0
CUST-0955,1,44.07,month-to-month,No,Fiber Optic,1
CUST-0956,13,32.15,one-year,No,None,0
CUST-0957,51,39.75,month-to-month,No,Fiber Optic,1
CUST-0958,56,108.69,one-year,No,DSL,0
CUST-0959,62,84.58,month-to-month,Yes,Fiber Optic,0
CUST-0960,32,48.59,one-year,No,None,0
CUST-0961,30,101.59,month-to-month,Yes,Fiber Optic,0
CUST-0962,29,106.14,month-to-month,No,DSL,0
CUST-0963,49,104.65,two-year,No,Fiber Optic,1
CUST-0964,45,111.89,month-to-month,No,DSL,1
CUST-0965,30,45.22,month-to-month,Yes,Fiber Optic,0
CUST-0966,16,95.5,month-to-month,No,Fiber Optic,1
CUST-0967,40,66.05,month-to-month,No,None,0
CUST-0968,19,104.2,month-to-month,No,None,1
CUST-0969,18,92.85,month-to-month,No,None,1
CUST-0970,1,97.64,two-year,No,DSL,1
CUST-0971,47,85.62,month-to-month,No,DSL,1
CUST-0972,66,37.74,two-year,No,Fiber Optic,0
CUST-0973,38,74.5,one-year,Yes,Fiber Optic,0
CUST-0974,51,118.47,month-to-month,Yes,Fiber Optic,1
CUST-0975,63,113.74,one-year,No,DSL,0
CUST-0976,4,24.32,month-to-month,No,Fiber Optic,1
CUST-0977,1,36.48,one-year,No,Fiber Optic,1
CUST-0978,8,33.17,month-to-month,No,DSL,1
CUST-0979,29,92.6,month-to-month,Yes,DSL,1
CUST-0980,55,101.78,two-year,No,Fiber Optic,0
CUST-0981,3,41.35,two-year,Yes,Fiber Optic,0
CUST-0982,32,70.59,two-year,Yes,Fiber Optic,0
CUST-0983,10,104.07,month-to-month,No,Fiber Optic,1
CUST-0984,34,93.28,one-year,Yes,Fiber Optic,0
CUST-0985,55,74.22,month-to-month,No,DSL,0
CUST-0986,32,79.03,month-to-month,Yes,DSL,0
CUST-0987,50,70.84,month-to-month,No,DSL,1
CUST-0988,7,49.75,one-year,No,Fiber Optic,1
CUST-0989,8,76.5,month-to-month,Yes,DSL,1
CUST-0990,65,88.89,month-to-month,No,Fiber Optic,1
CUST-0991,57,107.33,two-year,No,DSL,0
CUST-0992,67,83.63,month-to-month,No,DSL,0
CUST-0993,59,96.11,month-to-month,Yes,Fiber Optic,1
CUST-0994,54,36.01,month-to-month,No,Fiber Optic,0
CUST-0995,67,66.16,two-year,No,None,0
CUST-0996,51,20.93,month-to-month,No,Fiber Optic,1
CUST-0997,8,44.67,month-to-month,No,DSL,0
CUST-0998,34,92.65,two-year,No,Fiber Optic,1
CUST-0999,35,119.18,two-year,No,DSL,0
CUST-1000,32,29.92,month-to-month,No,Fiber Optic,0
